release,file,source_commit,sha256,identical_to_baseline_build
SSCI-HABITESE-5.1.0,00_engine.txt,391ed7ea9c04d4f5ea10616c9f61f00bb6f44c07,3b1563f63de01b977885b10b90959814f63c8e2588faa7bbc68907d95418a966,True
SSCI-HABITESE-5.1.0,01_entities.txt,391ed7ea9c04d4f5ea10616c9f61f00bb6f44c07,496dcfbded0a485b4f5560890b77d4e029ebcec28a45130b34db954f1f4ae73c,False
SSCI-HABITESE-5.1.0,02_requirements.txt,391ed7ea9c04d4f5ea10616c9f61f00bb6f44c07,4cb457d31763210566b35b792706c186dea2c6cac774c67c44ad01edb4f1cf3a,False
SSCI-HABITESE-5.1.0,02a_applicability.txt,391ed7ea9c04d4f5ea10616c9f61f00bb6f44c07,fb1412f74b145c3043a9f6a1989f68193d1a5edf0f6a09741cfbc4784df35f7e,False
SSCI-HABITESE-5.1.0,03_table1.txt,391ed7ea9c04d4f5ea10616c9f61f00bb6f44c07,c691e6e162a3a73bfbe58405c9a35f96154e86e7ad90fe244d7ffb95a8c769a6,True
SSCI-HABITESE-5.1.0,04_table4.txt,391ed7ea9c04d4f5ea10616c9f61f00bb6f44c07,ca5d6a08d4331b4bccf9bc8efc609bca9cb11df85019b5a8485416000c0e8e63,False
SSCI-HABITESE-5.1.0,05_nonconformities.txt,391ed7ea9c04d4f5ea10616c9f61f00bb6f44c07,3d553c6b3c3c9cfe6e1a0393e46deb4522f3eeb12884ee5a1eb21cd69aebe7e5,False
SSCI-HABITESE-5.1.0,06_reports.txt,391ed7ea9c04d4f5ea10616c9f61f00bb6f44c07,5bf706518f1b9dfc236228303ce9abc2eb055b156649afb41ad1074af7217115,False
SSCI-HABITESE-5.1.0,08_execution_pipeline.txt,391ed7ea9c04d4f5ea10616c9f61f00bb6f44c07,9787ebac21d233ead4f6b6186505ee101c223d42cda5a63a10dae375726ce2c0,False
SSCI-HABITESE-5.1.0,09_Especificacao_da_RDE.txt,391ed7ea9c04d4f5ea10616c9f61f00bb6f44c07,1e7713d0dfc0e55b219e71bab868a32655b97b902e8340647a0f87ab0a072fa1,True
SSCI-HABITESE-5.2.0,00_engine.txt,dd8c26171b41b94fd63240ee1befa8079b14c43c,3b1563f63de01b977885b10b90959814f63c8e2588faa7bbc68907d95418a966,True
SSCI-HABITESE-5.2.0,01_entities.txt,dd8c26171b41b94fd63240ee1befa8079b14c43c,496dcfbded0a485b4f5560890b77d4e029ebcec28a45130b34db954f1f4ae73c,False
SSCI-HABITESE-5.2.0,02_requirements.txt,dd8c26171b41b94fd63240ee1befa8079b14c43c,4cb457d31763210566b35b792706c186dea2c6cac774c67c44ad01edb4f1cf3a,False
SSCI-HABITESE-5.2.0,02a_applicability.txt,dd8c26171b41b94fd63240ee1befa8079b14c43c,fb1412f74b145c3043a9f6a1989f68193d1a5edf0f6a09741cfbc4784df35f7e,False
SSCI-HABITESE-5.2.0,03_table1.txt,dd8c26171b41b94fd63240ee1befa8079b14c43c,c691e6e162a3a73bfbe58405c9a35f96154e86e7ad90fe244d7ffb95a8c769a6,True
SSCI-HABITESE-5.2.0,04_table4.txt,dd8c26171b41b94fd63240ee1befa8079b14c43c,ca5d6a08d4331b4bccf9bc8efc609bca9cb11df85019b5a8485416000c0e8e63,False
SSCI-HABITESE-5.2.0,05_nonconformities.txt,dd8c26171b41b94fd63240ee1befa8079b14c43c,3d553c6b3c3c9cfe6e1a0393e46deb4522f3eeb12884ee5a1eb21cd69aebe7e5,False
SSCI-HABITESE-5.2.0,06_reports.txt,dd8c26171b41b94fd63240ee1befa8079b14c43c,26b25c3609cb39aa30947c7bb1b486f09c59a6c0a9f20714d7f41748f11d2c1d,False
SSCI-HABITESE-5.2.0,08_execution_pipeline.txt,dd8c26171b41b94fd63240ee1befa8079b14c43c,d9cd8c4d34f9755d18dcd36fa13627134ff57fc2c0bcd5d66520f33ecabcbda4,False
SSCI-HABITESE-5.2.0,09_Especificacao_da_RDE.txt,dd8c26171b41b94fd63240ee1befa8079b14c43c,1e7713d0dfc0e55b219e71bab868a32655b97b902e8340647a0f87ab0a072fa1,True
SSCI-HABITESE-5.3.0,00_engine.txt,917987469590875cf382fd395306548f7cfa7c15,3b1563f63de01b977885b10b90959814f63c8e2588faa7bbc68907d95418a966,True
SSCI-HABITESE-5.3.0,01_entities.txt,917987469590875cf382fd395306548f7cfa7c15,8b27bf5619ff2fa260edd744818bc5ef8d5cbc94178b184b9280698700f9330e,False
SSCI-HABITESE-5.3.0,02_requirements.txt,917987469590875cf382fd395306548f7cfa7c15,b03c0a96b68842c195bf6e8e9cc1c1298b6fa9390a45232ccea5f8e3a6d11fb8,False
SSCI-HABITESE-5.3.0,02a_applicability.txt,917987469590875cf382fd395306548f7cfa7c15,23daa6d5ddc99a47198e349721fdb12a1de654b7a8e56fdc631592869a7e3208,False
SSCI-HABITESE-5.3.0,03_table1.txt,917987469590875cf382fd395306548f7cfa7c15,c691e6e162a3a73bfbe58405c9a35f96154e86e7ad90fe244d7ffb95a8c769a6,True
SSCI-HABITESE-5.3.0,04_table4.txt,917987469590875cf382fd395306548f7cfa7c15,757b61d5a71188e26c30bb8c6214e75f893dc6f3f411fb62111432b5e34dd99d,False
SSCI-HABITESE-5.3.0,05_nonconformities.txt,917987469590875cf382fd395306548f7cfa7c15,3d553c6b3c3c9cfe6e1a0393e46deb4522f3eeb12884ee5a1eb21cd69aebe7e5,False
SSCI-HABITESE-5.3.0,06_reports.txt,917987469590875cf382fd395306548f7cfa7c15,5ace507158d06482a3a67a3d5d027abd00890443e2879e0117bb0391a07258cd,False
SSCI-HABITESE-5.3.0,08_execution_pipeline.txt,917987469590875cf382fd395306548f7cfa7c15,ed0a4478265e35596b577817e115415428f4ebe0f5cdb445ced0eca1feb5d590,False
SSCI-HABITESE-5.3.0,09_Especificacao_da_RDE.txt,917987469590875cf382fd395306548f7cfa7c15,1e7713d0dfc0e55b219e71bab868a32655b97b902e8340647a0f87ab0a072fa1,True
SSCI-HABITESE-5.4.0,00_engine.txt,9d2e7f175507a4e81e3ed80d7ef57e89d73124d1,3b1563f63de01b977885b10b90959814f63c8e2588faa7bbc68907d95418a966,True
SSCI-HABITESE-5.4.0,01_entities.txt,9d2e7f175507a4e81e3ed80d7ef57e89d73124d1,6c751f361bdbab40b66f93d8f681ea6df5c618a02f7fada337ba41d3e8f12975,True
SSCI-HABITESE-5.4.0,02_requirements.txt,9d2e7f175507a4e81e3ed80d7ef57e89d73124d1,2bfb476b47fce7aa4cfe6d1d25f7e156ab3dba001f4f3dc7598bde11beb5c8fa,True
SSCI-HABITESE-5.4.0,02a_applicability.txt,9d2e7f175507a4e81e3ed80d7ef57e89d73124d1,00428f2e30243cd8200992c64553165dfc01d8096c1ff5e8684404b0f27ff7cd,True
SSCI-HABITESE-5.4.0,03_table1.txt,9d2e7f175507a4e81e3ed80d7ef57e89d73124d1,c691e6e162a3a73bfbe58405c9a35f96154e86e7ad90fe244d7ffb95a8c769a6,True
SSCI-HABITESE-5.4.0,04_table4.txt,9d2e7f175507a4e81e3ed80d7ef57e89d73124d1,89b7a3e361f2c2adfe6beb2b6db458bba7da7d4cfeacba36a7649ae1adbdcc36,True
SSCI-HABITESE-5.4.0,05_nonconformities.txt,9d2e7f175507a4e81e3ed80d7ef57e89d73124d1,61fecef0f8f47b9a870322a8689649e893f738418d23497c8c0fb298cc6a6c68,True
SSCI-HABITESE-5.4.0,06_reports.txt,9d2e7f175507a4e81e3ed80d7ef57e89d73124d1,82bff0aae12548194f47dff0fde0823ff2ad1facc10546804dd014bb9e120ba3,True
SSCI-HABITESE-5.4.0,08_execution_pipeline.txt,9d2e7f175507a4e81e3ed80d7ef57e89d73124d1,df261a9260b82b9ed8cf378423e8307a9bd2b96d00d5c5f192ed7cf270325c36,True
SSCI-HABITESE-5.4.0,09_Especificacao_da_RDE.txt,9d2e7f175507a4e81e3ed80d7ef57e89d73124d1,1e7713d0dfc0e55b219e71bab868a32655b97b902e8340647a0f87ab0a072fa1,True
