path,bytes,sha256,baseline
audit-cases/etc10/CBMSC_03-08-2026_15731490.pdf,94920,7d179233d2c5962afc9275fd1dc0038228f487895ba28094189c56055d6120c2,False
audit-cases/etc10/DOC_AUXILIO_03-08-2026_15731491.pdf,72331,4c4407b368e5fbcea2d17fabddeca4de4996c69059d71744447ff6118ef4e538,False
audit-cases/etc10/DRT_EXC_03-08-2026_15731484_ART_10548378_9_Incendio_assinado.pdf,168154,f52ebcca1fa605e304690472fa167813f344d03c0d0be12e2408d6627b19ee6f,False
audit-cases/etc10/RLT_CONFORMIDADE_03-08-2026_15731435_CBMSC_03-08-2026_15728917 (1).pdf,98314,a1bd1d4dca89dfb63136347c707e05b82f5fbca2a95d89a64a8759c81b367023,False
audit-cases/etc10/RLT_CONFORMIDADE_03-08-2026_15731436_CBMSC_03-08-2026_15728918 (1).pdf,89012,735ac8dd5fd897cc89772fd7adc0095318d3cc7b903090f1723b810901356670,False
audit-cases/renata/CBMSC_04-08-2026_15749806.pdf,91991,5d00d385fbd3dba064df42d534d6349227b6ae7414ca5429dd73c1372e208932,False
audit-cases/renata/CBMSC_12-08-2026_15828288.pdf,97714,2b3886de74afc39bd211ee182f08515b24bb0f6f3d5f2edd848a6bf901bd566b,False
audit-cases/renata/DOC_AUXILIO_03-07-2026_15453786.pdf,72306,2b0521a1b4e823e3747ed25574a9ba8abf1768dbec01d0e2720efeeef5fdc1e1,False
audit-cases/renata/DOC_AUXILIO_04-08-2026_15739466.pdf,72305,2a07e73cd06a2507fedb2fdf0a815f91b9b857d8631be6c4214ca1f8d15bf4ee,False
audit-cases/renata/DOC_AUXILIO_08-07-2026_15500244.pdf,72305,3c4ec383c20ffaab71683f91030971e6963cb1266748dd2d0568d6d7e0f5ff65,False
audit-cases/renata/DOC_AUXILIO_12-08-2026_15828290.pdf,72306,7715c300869bfa471d2f8143a597a0b58c1875c834b2b7b50794453c44535133,False
audit-cases/renata/DOC_AUXILIO_14-07-2025_12226110.pdf,72308,8753457ec2a565c1fdfdd454b6287ec57a2aae6a0b1282f683aa77ff6404c167,False
audit-cases/renata/DOC_AUXILIO_26-06-2026_15396394.pdf,72305,84f193bd3bae05516ad7f7400c4253bc7dbe475c2d462b4ebc05257504f27f1e,False
audit-cases/renata/DRT_EXC_12-08-2026_15828283_ART_RENATA_MENDES_10633026-0_assinado_assinado.pdf,177671,1451e7af2b130f53b6bcaf4448ba3c1eeb25e2823f60902e0096445a48137e0b,False
audit-cases/renata/RLT_CONFORMIDADE_12-08-2026_15828281_Rel_de_Conformidade_assinado-1.pdf,816022,bbfba3bc0000d97ceb96c21eb8aaa807005bf18345ce4581691fc53d5e78c508,False
